Year,State,Data Status,Rev_Thousand Dollars,Sales_Megawatthours,Customers_Count,Price_Cents/kWh
2023,AK,Final,490072,2050667,296192,23.9
2023,AL,Final,4593824,31409652,2353273,14.63
2023,AR,Final,2251157,18373971,1459799,12.25
2023,AZ,Final,5466059,38992365,3068554,14.02
2023,CA,Final,24439806,82820898,14063972,29.51
2023,CO,Final,2859285,19999333,2517452,14.3
2023,CT,Final,3751250,12553299,1541895,29.88
2023,DC,Final,390035,2371637,312981,16.45
2023,DE,Final,775833,4931847,468355,15.73
2023,FL,Final,20651963,135805022,10222473,15.21
2023,GA,Final,7996719,58412499,4703793,13.69
2023,HI,Final,1141701,2693161,446202,42.39
2023,IA,Final,1940409,14581845,1436034,13.31
2023,ID,Final,1082537,9793265,845895,11.05
2023,IL,Final,6804072,43319747,5394657,15.71
2023,IN,Final,4741354,31739243,3018492,14.94
2023,KS,Final,1848944,13815434,1306773,13.38
2023,KY,Final,3106289,24552708,2057704,12.65
2023,LA,Final,3666444,31746570,2137198,11.55
2023,MA,Final,5733884,19365825,2886201,29.61
2023,MD,Final,4333163,26107722,2432422,16.6
2023,ME,Final,1348778,4918678,731968,27.42
2023,MI,Final,6130301,32533717,4496297,18.84
2023,MN,Final,3391941,23023275,2551573,14.73
2023,MO,Final,4397847,34964573,2906430,12.58
2023,MS,Final,2452659,18544190,1335277,13.23
2023,MT,Final,721681,5755522,549246,12.54
2023,NC,Final,7593061,58737520,4951377,12.93
2023,ND,Final,557857,5067156,395002,11.01
2023,NE,Final,1195237,10670550,893116,11.2
2023,NH,Final,1310466,4654978,647006,28.15
2023,NJ,Final,5030514,28414871,3702964,17.7
2023,NM,Final,1015785,7336277,928217,13.85
2023,NV,Final,2251643,13508820,1288497,16.67
2023,NY,Final,11147682,50113258,7384437,22.24
2023,OH,Final,7646822,49713538,5110807,15.38
2023,OK,Final,2877138,23817506,1857147,12.08
2023,OR,Final,2603098,20444544,1843684,12.73
2023,PA,Final,9472222,52327643,5516153,18.1
2023,RI,Final,809152,2995162,450190,27.02
2023,SC,Final,4228055,30898329,2518272,13.68
2023,SD,Final,646524,5245819,426545,12.32
2023,TN,Final,5041363,41350567,3106780,12.19
2023,TX,Final,24388838,168610875,12257007,14.46
2023,UT,Final,1268526,11328264,1244066,11.2
2023,VA,Final,6145511,43095838,3615935,14.26
2023,VT,Final,453095,2176314,322403,20.82
2023,WA,Final,4276679,38940142,3319834,10.98
2023,WI,Final,3749633,22218861,2813576,16.88
2023,WV,Final,1437864,10233824,864767,14.05
2023,WY,Final,337897,2947863,283727,11.46
2023,US,Final,231992666,1450025184,141282618,16.0
2022,AK,Final,473751,2050472,294371,23.1
2022,AL,Final,4690788,32923573,2329559,14.25
2022,AR,Final,2320527,19250661,1445528,12.05
2022,AZ,Final,4994758,38367633,3013393,13.02
2022,CA,Final,23136718,89542208,13942175,25.84
2022,CO,Final,2922469,20593942,2480554,14.19
2022,CT,Final,3246418,13190687,1536216,24.61
2022,DC,Final,357264,2519079,306464,14.18
2022,DE,Final,714302,5210069,461484,13.71
2022,FL,Final,18664364,134245975,10066752,13.9
2022,GA,Final,8437884,61140241,4648899,13.8
2022,HI,Final,1182559,2748479,444854,43.03
2022,IA,Final,1997146,15192859,1426154,13.15
2022,ID,Final,1033583,9963653,826326,10.37
2022,IL,Final,7274069,46479195,5376732,15.65
2022,IN,Final,4970158,34058498,2988150,14.59
2022,KS,Final,2020777,14443522,1297396,13.99
2022,KY,Final,3466096,26840186,2045250,12.91
2022,LA,Final,4067058,31444708,2128421,12.93
2022,MA,Final,5196288,20006891,2888582,25.97
2022,MD,Final,4057913,28065379,2415654,14.46
2022,ME,Final,1142540,5090874,728055,22.44
2022,MI,Final,6255971,35034971,4475314,17.86
2022,MN,Final,3336372,23418313,2523106,14.25
2022,MO,Final,4373898,37244970,2882253,11.74
2022,MS,Final,2348630,18917877,1329182,12.41
2022,MT,Final,667968,5894499,540743,11.33
2022,NC,Final,7253470,62443953,4855656,11.62
2022,ND,Final,575541,5271904,392470,10.92
2022,NE,Final,1185532,10983649,877614,10.79
2022,NH,Final,1224085,4808322,642870,25.46
2022,NJ,Final,5031557,30062192,3675567,16.74
2022,NM,Final,1008182,7282636,921109,13.84
2022,NV,Final,1971542,14306529,1270154,13.78
2022,NY,Final,11531652,52227413,7346234,22.08
2022,OH,Final,7384055,53312216,5082407,13.85
2022,OK,Final,3170141,25479144,1839084,12.44
2022,OR,Final,2367526,20725899,1826286,11.42
2022,PA,Final,8994501,56413218,5504323,15.94
2022,RI,Final,735413,3168339,448184,23.21
2022,SC,Final,4386983,32287075,2472263,13.59
2022,SD,Final,643720,5322906,419357,12.09
2022,TN,Final,5339495,43603987,3058392,12.25
2022,TX,Final,23474681,170596460,12063138,13.76
2022,UT,Final,1230161,11344265,1207875,10.84
2022,VA,Final,6233144,46717547,3583370,13.34
2022,VT,Final,435861,2186667,320847,19.93
2022,WA,Final,4079234,39775849,3273502,10.26
2022,WI,Final,3575870,22887928,2786451,15.62
2022,WV,Final,1473398,11136970,863904,13.23
2022,WY,Final,333636,3008680,281460,11.09
2022,US,Final,226989648,1509233163,139854080,15.04
2021,AK,Final,469886,2083911,292450,22.55
2021,AL,Final,4092368,31585153,2308229,12.96
2021,AR,Final,2131723,18918015,1436244,11.27
2021,AZ,Final,4655903,37130339,2953822,12.54
2021,CA,Final,20604392,90284143,13883989,22.82
2021,CO,Final,2696118,20625005,2443108,13.07
2021,CT,Final,2868410,13092128,1530251,21.91
2021,DC,Final,330851,2528049,298337,13.09
2021,DE,Final,647126,5170380,453757,12.52
2021,FL,Final,15518174,130412464,9917112,11.9
2021,GA,Final,7339634,58684962,4560652,12.51
2021,HI,Final,946210,2825082,443536,33.49
2021,IA,Final,1864645,14651755,1417416,12.73
2021,ID,Final,944639,9300843,806422,10.16
2021,IL,Final,6167780,46813068,5361712,13.18
2021,IN,Final,4476492,33471970,2948797,13.37
2021,KS,Final,1787507,13769410,1289337,12.98
2021,KY,Final,3040792,26434371,2032573,11.5
2021,LA,Final,3351648,30408224,2126154,11.02
2021,MA,Final,4647885,20305269,2840308,22.89
2021,MD,Final,3669204,27964545,2395953,13.12
2021,ME,Final,861576,5062266,722038,17.02
2021,MI,Final,6289783,35868100,4458037,17.54
2021,MN,Final,3138279,23246055,2496404,13.5
2021,MO,Final,4071545,35668409,2861927,11.41
2021,MS,Final,2145795,18569936,1321576,11.56
2021,MT,Final,623923,5559446,531395,11.22
2021,NC,Final,6897040,60914684,4774589,11.32
2021,ND,Final,530311,4888401,391338,10.85
2021,NE,Final,1127997,10492369,869643,10.75
2021,NH,Final,959250,4831911,638267,19.85
2021,NJ,Final,4921080,30090371,3648912,16.35
2021,NM,Final,958086,7088358,914496,13.52
2021,NV,Final,1651794,14373357,1249390,11.49
2021,NY,Final,10161755,52156882,7256212,19.48
2021,OH,Final,6789217,53171193,5041900,12.77
2021,OK,Final,2612424,23745867,1818808,11.0
2021,OR,Final,2307363,20285346,1805680,11.37
2021,PA,Final,7697613,55945176,5477367,13.76
2021,RI,Final,698380,3131533,446319,22.3
2021,SC,Final,4037454,31385796,2426701,12.86
2021,SD,Final,616517,5043964,412655,12.22
2021,TN,Final,4741606,42840442,3016642,11.07
2021,TX,Final,18772300,155075136,11815245,12.11
2021,UT,Final,1142206,10950415,1176947,10.43
2021,VA,Final,5579585,46634411,3551530,11.96
2021,VT,Final,418734,2174489,319442,19.26
2021,WA,Final,3843746,38021233,3220810,10.11
2021,WI,Final,3320221,22864047,2761985,14.52
2021,WV,Final,1343207,11050705,863647,12.15
2021,WY,Final,323702,2897498,278597,11.17
2021,US,Final,200833874,1470486882,138308656,13.66
2020,AK,Final,471526,2089046,315206,22.57
2020,AL,Final,3939867,31331041,2280740,12.57
2020,AR,Final,1871422,17980206,1413491,10.41
2020,AZ,Final,4751047,38707416,2896338,12.27
2020,CA,Final,19413314,94934563,13834718,20.45
2020,CO,Final,2531337,20482502,2400353,12.36
2020,CT,Final,2948780,12981839,1521112,22.71
2020,DC,Final,309841,2452589,290466,12.63
2020,DE,Final,627031,4991134,446275,12.56
2020,FL,Final,15021436,133298869,9731237,11.27
2020,GA,Final,6995859,58220280,4487426,12.02
2020,HI,Final,862771,2849114,442002,30.28
2020,IA,Final,1815028,14567483,1403378,12.46
2020,ID,Final,892473,8970751,782558,9.95
2020,IL,Final,6021966,46170538,5339608,13.04
2020,IN,Final,4217038,32878355,2920260,12.83
2020,KS,Final,1747076,13592444,1282519,12.85
2020,KY,Final,2818425,25935096,2013908,10.87
2020,LA,Final,2942989,30440746,2112925,9.67
2020,MA,Final,4468961,20345178,2817550,21.97
2020,MD,Final,3551281,27306375,2376981,13.01
2020,ME,Final,824665,4905263,717559,16.81
2020,MI,Final,5831461,35862912,4423593,16.26
2020,MN,Final,3020236,22935672,2464748,13.17
2020,MO,Final,3922562,34950370,2833909,11.22
2020,MS,Final,2010535,17994833,1308149,11.17
2020,MT,Final,604844,5379965,522378,11.24
2020,NC,Final,6672919,58641572,4695091,11.38
2020,ND,Final,526673,5046551,387505,10.44
2020,NE,Final,1135271,10514944,864835,10.8
2020,NH,Final,911967,4790374,633234,19.04
2020,NJ,Final,4756754,29676857,3618587,16.03
2020,NM,Final,942023,7282079,905885,12.94
2020,NV,Final,1624395,14321607,1226566,11.34
2020,NY,Final,9596805,52257144,7239160,18.36
2020,OH,Final,6457167,52552770,5014955,12.29
2020,OK,Final,2350122,23232473,1795621,10.12
2020,OR,Final,2191867,19628011,1785128,11.17
2020,PA,Final,7511991,55307093,5448106,13.58
2020,RI,Final,692840,3148021,441572,22.01
2020,SC,Final,3940889,30826017,2377019,12.78
2020,SD,Final,595509,5070024,407526,11.75
2020,TN,Final,4420255,41084911,2930481,10.76
2020,TX,Final,18322011,156414819,11515321,11.71
2020,UT,Final,1100682,10546793,1143134,10.44
2020,VA,Final,5542948,46088846,3506844,12.03
2020,VT,Final,421376,2157001,316948,19.54
2020,WA,Final,3639303,36858798,3168236,9.87
2020,WI,Final,3271758,22846734,2742419,14.32
2020,WV,Final,1283976,10877499,862277,11.8
2020,WY,Final,319940,2879528,276030,11.11
2020,US,Final,192663208,1464605046,136681866,13.15
2019,AK,Final,441887,1928208,289292,22.92
2019,AL,Final,4061182,32415646,2249426,12.53
2019,AR,Final,1834859,18732316,1396869,9.8
2019,AZ,Final,4317059,34720050,2853182,12.43
2019,CA,Final,16763780,87523987,13707126,19.15
2019,CO,Final,2362565,19404743,2370162,12.18
2019,CT,Final,2732697,12493550,1510966,21.87
2019,DC,Final,330686,2546920,282277,12.98
2019,DE,Final,627984,5004131,439168,12.55
2019,FL,Final,14882751,127181551,9565845,11.7
2019,GA,Final,6979149,59331491,4411521,11.76
2019,HI,Final,884847,2759774,438352,32.06
2019,IA,Final,1805899,14494821,1392978,12.46
2019,ID,Final,860048,8696843,763842,9.89
2019,IL,Final,5890958,45220258,5314523,13.03
2019,IN,Final,4182919,33249234,2887031,12.58
2019,KS,Final,1732742,13630661,1274955,12.71
2019,KY,Final,2869131,26573076,1991139,10.8
2019,LA,Final,3035095,30986024,2095466,9.8
2019,MA,Final,4233106,19314571,2802098,21.92
2019,MD,Final,3611327,27533693,2352534,13.12
2019,ME,Final,857569,4793809,710869,17.89
2019,MI,Final,5273119,33495725,4384303,15.74
2019,MN,Final,2906625,22288152,2446108,13.04
2019,MO,Final,3975602,35691426,2811863,11.14
2019,MS,Final,2108801,18717858,1293417,11.27
2019,MT,Final,590943,5308103,516052,11.13
2019,NC,Final,6834017,59852793,4620856,11.42
2019,ND,Final,527970,5125431,385037,10.3
2019,NE,Final,1109655,10307905,855617,10.77
2019,NH,Final,903574,4506830,627258,20.05
2019,NJ,Final,4534973,28612555,3596835,15.85
2019,NM,Final,859664,6871561,895087,12.51
2019,NV,Final,1544743,12867637,1204995,12.0
2019,NY,Final,8995439,50141003,7235400,17.94
2019,OH,Final,6464453,52226097,4980934,12.38
2019,OK,Final,2429743,23805972,1777155,10.21
2019,OR,Final,2123882,19286182,1763783,11.01
2019,PA,Final,7508619,54396182,5418870,13.8
2019,RI,Final,648292,2983012,444216,21.73
2019,SC,Final,4048095,31159957,2330901,12.99
2019,SD,Final,584266,5057032,403715,11.55
2019,TN,Final,4628861,42573183,2914916,10.87
2019,TX,Final,18286991,155481342,11366635,11.76
2019,UT,Final,1013001,9739525,1116145,10.4
2019,VA,Final,5632066,46666163,3464676,12.07
2019,VT,Final,368721,2081545,316182,17.71
2019,WA,Final,3544716,36512424,3126191,9.71
2019,WI,Final,3117985,21995360,2720288,14.18
2019,WV,Final,1254560,11153219,857666,11.25
2019,WY,Final,318423,2849378,274880,11.18
2019,US,Final,187436037,1440288909,135249595,13.01
2018,AK,Final,433247,1974906,287523,21.94
2018,AL,Final,4027603,33080380,2229470,12.18
2018,AR,Final,1888657,19259204,1388359,9.81
2018,AZ,Final,4425192,34660297,2808351,12.77
2018,CA,Final,16782222,89099985,13591149,18.84
2018,CO,Final,2342778,19286952,2326974,12.15
2018,CT,Final,2769009,13061372,1503701,21.2
2018,DC,Final,332869,2592242,274613,12.84
2018,DE,Final,635362,5070175,432449,12.53
2018,FL,Final,14485280,125528047,9423019,11.54
2018,GA,Final,6847325,59689106,4354020,11.47
2018,HI,Final,880207,2710698,436266,32.47
2018,IA,Final,1817122,14840349,1385752,12.24
2018,ID,Final,855157,8427578,743564,10.15
2018,IL,Final,6028532,47225915,5289571,12.77
2018,IN,Final,4239862,34574664,2863350,12.26
2018,KS,Final,1894142,14187192,1266041,13.35
2018,KY,Final,2936379,27712722,1980206,10.6
2018,LA,Final,3074086,32065538,2085054,9.59
2018,MA,Final,4383449,20284674,2784243,21.61
2018,MD,Final,3741620,28138474,2332516,13.3
2018,ME,Final,820564,4872001,709849,16.84
2018,MI,Final,5426835,35131422,4365526,15.45
2018,MN,Final,3001391,22837140,2420321,13.14
2018,MO,Final,4248638,37463390,2792451,11.34
2018,MS,Final,2146535,19310527,1290280,11.12
2018,MT,Final,569768,5197686,509527,10.96
2018,NC,Final,6834735,61622454,4550417,11.09
2018,ND,Final,526145,5133171,382592,10.25
2018,NE,Final,1114442,10412008,849891,10.7
2018,NH,Final,913613,4641013,622670,19.69
2018,NJ,Final,4550431,29530689,3568043,15.41
2018,NM,Final,865755,6826442,889838,12.68
2018,NV,Final,1593360,13449743,1183659,11.85
2018,NY,Final,9658622,52153246,7190903,18.52
2018,OH,Final,6839823,54451714,4964849,12.56
2018,OK,Final,2484031,24116808,1764979,10.3
2018,OR,Final,2079228,18930583,1750239,10.98
2018,PA,Final,7764870,55896453,5390427,13.89
2018,RI,Final,642041,3124168,442006,20.55
2018,SC,Final,3962861,31852419,2290200,12.44
2018,SD,Final,581764,5018360,400147,11.59
2018,TN,Final,4751657,44381957,2882983,10.71
2018,TX,Final,17609632,157267913,11148781,11.2
2018,UT,Final,1011446,9714507,1091159,10.41
2018,VA,Final,5624478,47962606,3431575,11.73
2018,VT,Final,381309,2116045,315137,18.02
2018,WA,Final,3446381,35338978,3076868,9.75
2018,WI,Final,3146512,22444733,2700651,14.02
2018,WV,Final,1306097,11679455,859039,11.18
2018,WY,Final,310226,2748356,272429,11.29
2018,US,Final,189033288,1469096457,133893626,12.87
2017,AK,Final,438240,2060349,285696,21.27
2017,AL,Final,3786699,30181045,2213590,12.55
2017,AR,Final,1749676,17026779,1380155,10.28
2017,AZ,Final,4259275,34251220,2764355,12.44
2017,CA,Final,16500848,90123505,13548293,18.31
2017,CO,Final,2264556,18615000,2288355,12.17
2017,CT,Final,2512033,12379520,1495577,20.29
2017,DC,Final,309764,2394652,267448,12.94
2017,DE,Final,622385,4662598,426072,13.35
2017,FL,Final,14097730,121462622,9291705,11.61
2017,GA,Final,6516806,54771449,4296976,11.9
2017,HI,Final,775853,2629679,432952,29.5
2017,IA,Final,1692832,13721869,1375594,12.34
2017,ID,Final,876364,8727901,727567,10.04
2017,IL,Final,5661904,43717391,5264333,12.95
2017,IN,Final,3878281,31551558,2834090,12.29
2017,KS,Final,1732461,13013422,1259222,13.31
2017,KY,Final,2699918,24882582,1971000,10.85
2017,LA,Final,2874957,29531960,2073613,9.74
2017,MA,Final,3879096,19337799,2766155,20.06
2017,MD,Final,3640765,26084176,2313188,13.96
2017,ME,Final,740677,4638535,707792,15.97
2017,MI,Final,5078011,32977374,4344318,15.4
2017,MN,Final,2813969,21573800,2403167,13.04
2017,MO,Final,3843968,33051080,2771120,11.63
2017,MS,Final,1932657,17444016,1284576,11.08
2017,MT,Final,572287,5224588,503309,10.95
2017,NC,Final,6138404,56133960,4488036,10.94
2017,ND,Final,498902,4848305,380100,10.29
2017,NE,Final,1060436,9667990,841959,10.97
2017,NH,Final,852981,4441497,618355,19.2
2017,NJ,Final,4344094,27761879,3536088,15.65
2017,NM,Final,836772,6497207,880867,12.88
2017,NV,Final,1550498,12936791,1263100,11.99
2017,NY,Final,8849146,49080757,7144413,18.03
2017,OH,Final,6287043,49795540,4936469,12.63
2017,OK,Final,2316983,21837596,1751033,10.61
2017,OR,Final,2138505,20065930,1725884,10.66
2017,PA,Final,7359033,51724498,5356690,14.23
2017,RI,Final,554752,3028267,437124,18.32
2017,SC,Final,3804261,29224971,2251556,13.02
2017,SD,Final,547554,4652890,396561,11.77
2017,TN,Final,4213506,39292528,2847691,10.72
2017,TX,Final,15886368,144242131,10809488,11.01
2017,UT,Final,1041820,9510783,1063289,10.95
2017,VA,Final,5078889,43982440,3398529,11.55
2017,VT,Final,357641,2023424,313669,17.68
2017,WA,Final,3600615,37282901,3037672,9.66
2017,WI,Final,3045972,21233154,2681338,14.35
2017,WV,Final,1229699,10573463,858961,11.63
2017,WY,Final,315284,2772371,270575,11.37
2017,US,Final,177661168,1378647742,132579661,12.89
2016,AK,Final,407365,2006392,283258,20.3
2016,AL,Final,3843395,32055546,2200574,11.99
2016,AR,Final,1764930,17784233,1368867,9.92
2016,AZ,Final,4094426,33690783,2725508,12.15
2016,CA,Final,15359795,88311069,13445133,17.39
2016,CO,Final,2273979,18833722,2260068,12.07
2016,CT,Final,2536772,12676983,1486740,20.01
2016,DC,Final,307506,2501892,259392,12.29
2016,DE,Final,639086,4763106,419233,13.42
2016,FL,Final,13545273,123320547,9149213,10.98
2016,GA,Final,6659243,57889379,4240421,11.5
2016,HI,Final,717390,2611727,430942,27.47
2016,IA,Final,1682433,14093678,1358898,11.94
2016,ID,Final,813497,8172022,714364,9.95
2016,IL,Final,5764945,45990052,5231540,12.54
2016,IN,Final,3892459,33025955,2821547,11.79
2016,KS,Final,1764173,13509235,1252839,13.06
2016,KY,Final,2763077,26338437,1957189,10.49
2016,LA,Final,2861963,30650067,2059701,9.34
2016,MA,Final,3741859,19692896,2740862,19.0
2016,MD,Final,3886430,27316871,2288301,14.23
2016,ME,Final,725746,4585825,699321,15.83
2016,MI,Final,5258083,34543262,4311007,15.22
2016,MN,Final,2762790,21803791,2378679,12.67
2016,MO,Final,3850746,34354932,2751460,11.21
2016,MS,Final,1931958,18458928,1278616,10.47
2016,MT,Final,530661,4852547,497171,10.94
2016,NC,Final,6446114,58456809,4423529,11.03
2016,ND,Final,481747,4741298,377738,10.16
2016,NE,Final,1055594,9738351,834032,10.84
2016,NH,Final,815783,4438407,612717,18.38
2016,NJ,Final,4573774,29090726,3510140,15.72
2016,NM,Final,799336,6642511,876920,12.03
2016,NV,Final,1447619,12691942,1143668,11.41
2016,NY,Final,8933623,50831287,7118903,17.58
2016,OH,Final,6551231,52524141,4911597,12.47
2016,OK,Final,2323581,22789715,1736820,10.2
2016,OR,Final,1980615,18573242,1706621,10.66
2016,PA,Final,7470000,53877130,5335555,13.86
2016,RI,Final,573661,3081562,438506,18.62
2016,SC,Final,3873817,30615596,2209780,12.65
2016,SD,Final,529582,4618724,392184,11.47
2016,TN,Final,4349574,41773888,2812289,10.41
2016,TX,Final,16048318,145973181,10521731,10.99
2016,UT,Final,1032342,9370656,1041826,11.02
2016,VA,Final,5131025,45186057,3362985,11.36
2016,VT,Final,357128,2056402,312239,17.37
2016,WA,Final,3244682,34211748,2985799,9.48
2016,WI,Final,3069410,21814249,2662278,14.07
2016,WV,Final,1301903,11375581,860375,11.44
2016,WY,Final,306298,2751073,269647,11.13
2016,US,Final,177076739,1411058153,131068719,12.55
2015,AK,Final,405270,2044184,282283,19.83
2015,AL,Final,3731831,31908530,2182614,11.7
2015,AR,Final,1794303,18273389,1356658,9.82
2015,AZ,Final,4023333,33167205,2689225,12.13
2015,CA,Final,15187827,89386373,13380682,16.99
2015,CO,Final,2227990,18384936,2225723,12.12
2015,CT,Final,2699306,12892862,1468957,20.94
2015,DC,Final,324309,2497559,247469,12.99
2015,DE,Final,650835,4848998,413444,13.42
2015,FL,Final,14216590,122759472,8963967,11.58
2015,GA,Final,6511155,56421650,4191206,11.54
2015,HI,Final,781896,2641336,428340,29.6
2015,IA,Final,1603951,13786328,1356598,11.63
2015,ID,Final,799700,8054693,701448,9.93
2015,IL,Final,5581101,44645638,5172653,12.5
2015,IN,Final,3753084,32441693,2804861,11.57
2015,KS,Final,1634552,13241682,1231825,12.34
2015,KY,Final,2680343,26168093,1947068,10.24
2015,LA,Final,2943587,31545313,2043759,9.33
2015,MA,Final,4000022,20175317,2794918,19.83
2015,MD,Final,3786876,27403336,2255557,13.82
2015,ME,Final,727922,4662301,699241,15.61
2015,MI,Final,4810815,33357876,4282857,14.42
2015,MN,Final,2630742,21713970,2374674,12.12
2015,MO,Final,3799962,33911760,2734548,11.21
2015,MS,Final,2092177,18561101,1270398,11.27
2015,MT,Final,525004,4825213,491421,10.88
2015,NC,Final,6531847,57901557,4336694,11.28
2015,ND,Final,467895,4862542,371503,9.62
2015,NE,Final,1010527,9532132,825942,10.6
2015,NH,Final,837549,4526948,607463,18.5
2015,NJ,Final,4607270,29142283,3489108,15.81
2015,NM,Final,828169,6641724,871044,12.47
2015,NV,Final,1574103,12338538,1126219,12.76
2015,NY,Final,9456188,51012745,7079095,18.54
2015,OH,Final,6590569,51492954,4892912,12.8
2015,OK,Final,2293592,22615824,1723937,10.14
2015,OR,Final,1948315,18269007,1686974,10.66
2015,PA,Final,7423145,54418663,5304275,13.64
2015,RI,Final,604825,3135506,440190,19.29
2015,SC,Final,3778451,30059188,2185966,12.57
2015,SD,Final,506522,4571325,388374,11.08
2015,TN,Final,4291880,41667411,2783057,10.3
2015,TX,Final,16838434,145651913,10317999,11.56
2015,UT,Final,992264,9117153,1021839,10.88
2015,VA,Final,5221259,45928411,3332082,11.37
2015,VT,Final,356986,2088940,312059,17.09
2015,WA,Final,3098110,34071987,2945759,9.09
2015,WI,Final,2994383,21214787,2647223,14.11
2015,WV,Final,1153344,11437451,861332,10.08
2015,WY,Final,293517,2676702,268226,10.97
2015,US,Final,177623623,1404096499,129811667,12.65
2014,AK,Final,391068,2043614,281433,19.14
2014,AL,Final,3781917,32929598,2169785,11.48
2014,AR,Final,1753284,18441119,1345007,9.51
2014,AZ,Final,3848998,32346079,2661692,11.9
2014,CA,Final,14517393,89360680,13256067,16.25
2014,CO,Final,2203838,18092932,2193519,12.18
2014,CT,Final,2523349,12777579,1459240,19.75
2014,DC,Final,263973,2072205,239355,12.74
2014,DE,Final,617400,4644841,407508,13.29
2014,FL,Final,13854538,116535263,8891018,11.89
2014,GA,Final,6659464,57167387,4137055,11.65
2014,HI,Final,957073,2583770,425168,37.04
2014,IA,Final,1610036,14426582,1348629,11.16
2014,ID,Final,791099,8134913,690276,9.72
2014,IL,Final,5481125,46009458,5145020,11.91
2014,IN,Final,3861636,33703965,2784660,11.46
2014,KS,Final,1665583,13684952,1228849,12.17
2014,KY,Final,2785001,27399768,1939486,10.16
2014,LA,Final,3005472,31400683,2026221,9.57
2014,MA,Final,3490569,20071160,2720127,17.39
2014,MD,Final,3746115,27487633,2234962,13.63
2014,ME,Final,711813,4660605,706952,15.27
2014,MI,Final,4846496,33514991,4273127,14.46
2014,MN,Final,2737895,22791466,2345847,12.01
2014,MO,Final,3807788,35792644,2724540,10.64
2014,MS,Final,2141264,18922097,1263581,11.32
2014,MT,Final,505962,4969243,485038,10.18
2014,NC,Final,6511383,58649994,4303474,11.1
2014,ND,Final,490071,5357514,360169,9.15
2014,NE,Final,1043023,10028238,817416,10.4
2014,NH,Final,790656,4510487,606882,17.53
2014,NJ,Final,4400228,27892582,3470875,15.78
2014,NM,Final,812034,6611970,869874,12.28
2014,NV,Final,1541121,11916521,1110533,12.93
2014,NY,Final,10031316,49974914,7046830,20.07
2014,OH,Final,6598181,52804334,4882160,12.5
2014,OK,Final,2343199,23351144,1710347,10.03
2014,OR,Final,1948732,18617613,1669122,10.47
2014,PA,Final,7217831,54195335,5289207,13.32
2014,RI,Final,527115,3070347,438878,17.17
2014,SC,Final,3824288,30715986,2157087,12.45
2014,SD,Final,505345,4827368,384745,10.47
2014,TN,Final,4392023,42538248,2756931,10.32
2014,TX,Final,16715817,140899744,10138871,11.86
2014,UT,Final,954231,8963971,1000410,10.65
2014,VA,Final,5155281,46443716,3303675,11.1
2014,VT,Final,370673,2121347,310932,17.47
2014,WA,Final,3040586,35082958,2907700,8.67
2014,WI,Final,2996152,21925712,2631429,13.67
2014,WV,Final,1119698,11990728,862867,9.34
2014,WY,Final,288879,2752313,265717,10.5
2014,US,Final,176178008,1407208311,128680294,12.52
2013,AK,Final,381181,2103966,277270,18.12
2013,AL,Final,3532584,31378659,2158895,11.26
2013,AR,Final,1746489,18219287,1339679,9.59
2013,AZ,Final,3877986,33103602,2630594,11.71
2013,CA,Final,14481054,89241934,13256422,16.23
2013,CO,Final,2210316,18528908,2169365,11.93
2013,CT,Final,2305821,13135451,1454963,17.55
2013,DC,Final,255575,2033618,235322,12.57
2013,DE,Final,591965,4570013,403519,12.95
2013,FL,Final,12770123,113293913,8756316,11.27
2013,GA,Final,6135755,53544411,4101344,11.46
2013,HI,Final,964882,2608853,422385,36.98
2013,IA,Final,1614968,14625866,1341788,11.04
2013,ID,Final,803665,8619262,680929,9.32
2013,IL,Final,4927661,46372234,5120603,10.63
2013,IN,Final,3672739,33406630,2771254,10.99
2013,KS,Final,1582807,13593003,1222978,11.64
2013,KY,Final,2623038,26788098,1935241,9.79
2013,LA,Final,2895482,30709206,2011042,9.43
2013,MA,Final,3282074,20727624,2708757,15.83
2013,MD,Final,3638091,27448367,2218947,13.25
2013,ME,Final,669227,4662303,704774,14.35
2013,MI,Final,4962369,34013168,4265257,14.59
2013,MN,Final,2698103,22849542,2329719,11.81
2013,MO,Final,3745002,35318204,2708932,10.6
2013,MS,Final,1989585,18462415,1260890,10.78
2013,MT,Final,508873,4926471,477261,10.33
2013,NC,Final,6172487,56251297,4268014,10.97
2013,ND,Final,459360,5038846,348484,9.12
2013,NE,Final,1037786,10062159,810844,10.31
2013,NH,Final,743587,4553871,603627,16.33
2013,NJ,Final,4489692,28544638,3461107,15.73
2013,NM,Final,794916,6803987,865195,11.68
2013,NV,Final,1444315,12142431,1094769,11.89
2013,NY,Final,9543510,50777369,7027862,18.79
2013,OH,Final,6264302,52158094,4875342,12.01
2013,OK,Final,2244427,23199968,1693145,9.67
2013,OR,Final,1913137,19328558,1650799,9.9
2013,PA,Final,6938374,54251847,5272852,12.79
2013,RI,Final,481013,3164692,438199,15.2
2013,SC,Final,3455720,28812518,2135430,11.99
2013,SD,Final,494855,4824150,381075,10.26
2013,TN,Final,4083088,40905924,2738542,9.98
2013,TX,Final,15926136,140272607,9954290,11.35
2013,UT,Final,974822,9401748,981193,10.37
2013,VA,Final,4924510,45416253,3273501,10.84
2013,VT,Final,364245,2125435,311306,17.14
2013,WA,Final,3129362,35983486,2880006,8.7
2013,WI,Final,2993098,22095922,2619665,13.55
2013,WV,Final,1103102,11581825,863641,9.52
2013,WY,Final,287380,2829496,263609,10.16
2013,US,Final,169130640,1394812129,127776941,12.13
2012,AK,Final,386303,2160196,275403,17.88
2012,AL,Final,3491380,30632261,2150975,11.4
2012,AR,Final,1664697,17909302,1332153,9.3
2012,AZ,Final,3718357,32922968,2585636,11.29
2012,CA,Final,13821566,90109993,13101882,15.34
2012,CO,Final,2087890,18220367,2149635,11.46
2012,CT,Final,2212594,12757634,1454650,17.34
2012,DC,Final,245941,2002527,231550,12.28
2012,DE,Final,614036,4521683,399998,13.58
2012,FL,Final,12806821,112127057,8645205,11.42
2012,GA,Final,5996286,53660168,4071476,11.17
2012,HI,Final,1022946,2739297,419611,37.34
2012,IA,Final,1513374,13987612,1334585,10.82
2012,ID,Final,707180,8159348,673366,8.67
2012,IL,Final,5335086,46901870,5098645,11.37
2012,IN,Final,3469891,32963523,2755594,10.53
2012,KS,Final,1551103,13796680,1217252,11.24
2012,KY,Final,2460675,26096708,1924644,9.43
2012,LA,Final,2514353,30026589,1995660,8.37
2012,MA,Final,3029291,20313468,2699140,14.91
2012,MD,Final,3424556,26678158,2212286,12.84
2012,ME,Final,656821,4480734,703769,14.66
2012,MI,Final,4871034,34461140,4250621,14.13
2012,MN,Final,2504490,22059632,2317334,11.35
2012,MO,Final,3491828,34336617,2699282,10.17
2012,MS,Final,1846708,17992708,1256392,10.26
2012,MT,Final,481814,4778364,473032,10.08
2012,NC,Final,5962720,54671520,4230585,10.91
2012,ND,Final,406332,4484757,342549,9.06
2012,NE,Final,972315,9680142,806519,10.04
2012,NH,Final,713388,4439207,601696,16.07
2012,NJ,Final,4523771,28662958,3455303,15.78
2012,NM,Final,769382,6763819,859281,11.37
2012,NV,Final,1433833,12122718,1080581,11.83
2012,NY,Final,8929713,50691505,7010736,17.62
2012,OH,Final,6148488,52287770,4869300,11.76
2012,OK,Final,2168291,22809680,1679294,9.51
2012,OR,Final,1848670,18854658,1642442,9.8
2012,PA,Final,6741628,52876058,5261382,12.75
2012,RI,Final,449603,3121368,435448,14.4
2012,SC,Final,3338100,28366261,2113144,11.77
2012,SD,Final,448375,4453731,378628,10.07
2012,TN,Final,4015594,39753632,2721098,10.1
2012,TX,Final,15087709,137411633,9802102,10.98
2012,UT,Final,912330,9188204,966061,9.93
2012,VA,Final,4822892,43534675,3248516,11.08
2012,VT,Final,356324,2095281,309019,17.01
2012,WA,Final,3028282,35510961,2852758,8.53
2012,WI,Final,2905404,22026353,2609167,13.19
2012,WV,Final,1102690,11194679,865674,9.85
2012,WY,Final,267507,2716530,261191,9.85
2012,US,Final,163280362,1374514704,126832252,11.88
2011,AK,Final,376006,2134424,273851,17.62
2011,AL,Final,3661469,33002816,2142627,11.09
2011,AR,Final,1693836,18787349,1328285,9.02
2011,AZ,Final,3666153,33079074,2575586,11.08
2011,CA,Final,13060946,88398417,13002978,14.78
2011,CO,Final,2059152,18276798,2141778,11.27
2011,CT,Final,2338981,12918796,1453863,18.11
2011,DC,Final,276154,2061390,229450,13.4
2011,DE,Final,634569,4632094,398109,13.7
2011,FL,Final,13388982,116341104,8575892,11.51
2011,GA,Final,6383600,57749519,4056148,11.05
2011,HI,Final,1015684,2928742,417531,34.68
2011,IA,Final,1499147,14326772,1329901,10.46
2011,ID,Final,660576,8389867,667242,7.87
2011,IL,Final,5545106,47057002,5089454,11.78
2011,IN,Final,3410414,33912096,2744889,10.06
2011,KS,Final,1527024,14343749,1215409,10.65
2011,KY,Final,2502966,27197835,1928527,9.2
2011,LA,Final,2869880,32019040,1979175,8.96
2011,MA,Final,3003305,20472511,2693553,14.67
2011,MD,Final,3634387,27295675,2208014,13.31
2011,ME,Final,674079,4381538,701335,15.38
2011,MI,Final,4621168,34811336,4249132,13.27
2011,MN,Final,2469485,22523728,2308728,10.96
2011,MO,Final,3502912,35941242,2693269,9.75
2011,MS,Final,1966086,19336429,1251639,10.17
2011,MT,Final,479166,4913110,469961,9.75
2011,NC,Final,5954616,58055879,4201897,10.26
2011,ND,Final,390774,4552229,330738,8.58
2011,NE,Final,927342,9946975,805670,9.32
2011,NH,Final,735832,4454087,599531,16.52
2011,NJ,Final,4772505,29398872,3457325,16.23
2011,NM,Final,755856,6873749,856128,11.0
2011,NV,Final,1334069,11493280,1067943,11.61
2011,NY,Final,9356965,51239599,6987631,18.26
2011,OH,Final,6133425,53687112,4874489,11.42
2011,OK,Final,2313031,24425026,1667223,9.47
2011,OR,Final,1852603,19429175,1633546,9.54
2011,PA,Final,7265436,54795632,5249831,13.26
2011,RI,Final,448529,3129446,432430,14.33
2011,SC,Final,3404929,30801730,2101584,11.05
2011,SD,Final,434655,4646384,374259,9.35
2011,TN,Final,4298019,43067861,2708120,9.98
2011,TX,Final,16141983,145654227,9621480,11.08
2011,UT,Final,801965,8946739,946470,8.96
2011,VA,Final,4871348,45771145,3225396,10.64
2011,VT,Final,345525,2124533,308993,16.26
2011,WA,Final,3010493,36376143,2837627,8.28
2011,WI,Final,2884512,22149941,2601870,13.02
2011,WV,Final,1103042,11746152,868037,9.39
2011,WY,Final,255263,2802726,258528,9.11
2011,US,Final,166713950,1422801095,126143072,11.72
2010,AK,Final,340338,2093216,271955,16.26
2010,AL,Final,3790733,35529292,2138905,10.67
2010,AR,Final,1702938,19230962,1322833,8.86
2010,AZ,Final,3558161,32448138,2554212,10.97
2010,CA,Final,12873565,87256946,12947913,14.75
2010,CO,Final,1997856,18102386,2128503,11.04
2010,CT,Final,2514465,13065273,1451806,19.25
2010,DC,Final,297450,2123312,227549,14.01
2010,DE,Final,657104,4759973,396113,13.8
2010,FL,Final,13982243,122244650,8529202,11.44
2010,GA,Final,6198369,61554497,4054134,10.07
2010,HI,Final,840073,2989499,414568,28.1
2010,IA,Final,1516863,14554887,1327892,10.42
2010,ID,Final,649759,8136734,664716,7.99
2010,IL,Final,5599018,48582986,5070047,11.52
2010,IN,Final,3350354,35058372,2742783,9.56
2010,KS,Final,1437102,14334088,1213026,10.03
2010,KY,Final,2496770,29136518,1930664,8.57
2010,LA,Final,2935167,32678932,1973172,8.98
2010,MA,Final,3124528,21409003,2674717,14.59
2010,MD,Final,4142934,28934072,2200368,14.32
2010,ME,Final,687036,4371835,699624,15.72
2010,MI,Final,4320775,34680715,4245155,12.46
2010,MN,Final,2379113,22464797,2300289,10.59
2010,MO,Final,3385583,37302279,2695792,9.08
2010,MS,Final,1991611,20174826,1250147,9.87
2010,MT,Final,434420,4742795,467878,9.16
2010,NC,Final,6288492,62160106,4185534,10.12
2010,ND,Final,357052,4392596,326408,8.13
2010,NE,Final,903393,10106673,801099,8.94
2010,NH,Final,732038,4485468,597409,16.32
2010,NJ,Final,5021995,30307269,3454840,16.57
2010,NM,Final,710548,6752473,853808,10.52
2010,NV,Final,1435699,11614669,1058518,12.36
2010,NY,Final,9547885,50945649,6954906,18.74
2010,OH,Final,6161972,54474377,4877214,11.31
2010,OK,Final,2164329,23688862,1660646,9.14
2010,OR,Final,1671728,18838666,1629075,8.87
2010,PA,Final,7017224,55252836,5244274,12.7
2010,RI,Final,496481,3117809,430623,15.92
2010,SC,Final,3449574,32852087,2089299,10.5
2010,SD,Final,415336,4628124,370565,8.97
2010,TN,Final,4172362,45191029,2704051,9.23
2010,TX,Final,15905878,137161401,9536767,11.6
2010,UT,Final,769145,8834229,936600,8.71
2010,VA,Final,5061604,48438958,3258964,10.45
2010,VT,Final,331392,2127935,307837,15.57
2010,WA,Final,2805590,34906925,2825279,8.04
2010,WI,Final,2820621,22299493,2594695,12.65
2010,WV,Final,1094175,12442583,867947,8.79
2010,WY,Final,239197,2727203,257448,8.77
2010,US,Final,166778038,1445708403,125717767,11.54
